<SCENE>

	<!-- Initial values -->
	<INITIALS>
		<frustum near="0.1" far="500"/>
		<translation x="0" y="0" z="-4"/>
		<rotation axis="x" angle="0" />
		<rotation axis="y" angle="0" />
		<rotation axis="z" angle="0" />
		<scale sx="0.25" sy="0.25" sz="0.25" />
		<reference length="5" />
	</INITIALS>

	<!-- Illumination and clear color -->
	<ILLUMINATION>
		<ambient r="0.2" g="0.2" b="0.2" a="1" />
		<background r="0" g="0" b="0" a="1" />
	</ILLUMINATION>

	<!-- Lights -->
	<LIGHTS>
		<LIGHT id="light0">
			<enable value ="1" />
			<position  x="0" y="10" z="0" w="1" />
			<ambient r="1.0" g="1.0" b="1.0" a="1.0" />
			<diffuse r="1.0" g="1.0" b="1.0" a="1.0" />
			<specular r="1.0" g="1.0" b="1.0" a="1.0" />
		</LIGHT>
	</LIGHTS>

	<TEXTURES>
		<!-- Rocks -->
		<TEXTURE id="bank">
			<file path="images/bank.jpg" />
			<amplif_factor s="1" t="1" />
		</TEXTURE>

		<!-- New york floor -->
		<TEXTURE id="nwfloor">
			<file path="images/nwfloor.jpg" />
			<amplif_factor s="1" t="1" />
		</TEXTURE>

		<!-- Tower face -->
		<TEXTURE id="twface">
			<file path="images/skyscraper.jpg" />
			<amplif_factor s="1" t="1" />
		</TEXTURE>

		<TEXTURE id="goodyear">
			<file path="images/goodyear.png" />
			<amplif_factor s="1" t="1" />
		</TEXTURE>

		<TEXTURE id="red_plastic">
			<file path="images/red.jpg"/>
			<amplif_factor s="1" t="1"/>
		</TEXTURE>

		<TEXTURE id="hel_metal">
			<file path="images/metal.jpg"/>
			<amplif_factor s="1" t="1"/>
		</TEXTURE>

		<TEXTURE id="grey_metal">
			<file path="images/black_plastic.jpg"/>
			<amplif_factor s="1" t="1"/>
		</TEXTURE>

		<TEXTURE id="black_metal">
			<file path="images/leaves.jpg"/>
			<amplif_factor s="1" t="1"/>
		</TEXTURE>
	</TEXTURES>

	<MATERIALS>
		<MATERIAL id="piramide">
			<shininess value="1" />
			<specular r="0" g="0" b="0" a="1" />
			<diffuse r="1.0" g="0.68" b="0.4" a="1" />
			<ambient r="0.2" g="0.2" b="0.2" a="1" />
			<emission r="0.0" g="0.0" b="0.0" a="1" />
		</MATERIAL>
	</MATERIALS>

	<!-- The nodes -->
	<NODES>
		<ROOT id="root" />

		<NODE id="root">
			<MATERIAL id="piramide"/>
			<TEXTURE id="bank"/>

			<DESCENDANTS>
				<NODEREF id="zeppelin"/>
				<NODEREF id="helicopter"/>
				<NODEREF id="tower"/>
				<NODEREF id="floor" />
			</DESCENDANTS>

		</NODE>

		<NODE id="zeppelin">
			<MATERIAL id="piramide"/>
			<TEXTURE id="goodyear"/>

			<TRANSLATION x="10" y="10" z="10"/>

			<DESCENDANTS>
				<NODEREF id="ballon"/>
				<NODEREF id="pads"/>
			</DESCENDANTS>
		</NODE>

		<NODE id="pads" >
			<MATERIAL id="piramide"/>
			<TEXTURE id="red_plastic"/>

			<DESCENDANTS>
				<NODEREF id="pads_vert"/>
				<NODEREF id="pads_hor"/>
			</DESCENDANTS>
		</NODE>

		<NODE id="pads_vert" >
			<MATERIAL id="piramide"/>
			<TEXTURE id="null"/>

			<DESCENDANTS>
				<NODEREF id="lower_pad"/>
				<NODEREF id="upper_pad"/>
			</DESCENDANTS>
		</NODE>

		<NODE id="pads_hor" >
			<MATERIAL id="piramide"/>
			<TEXTURE id="null"/>

			<DESCENDANTS>
				<NODEREF id="left_pad"/>
				<NODEREF id="right_pad"/>
			</DESCENDANTS>
		</NODE>

		<NODE id="upper_pad" >
			<MATERIAL id="piramide"/>
			<TEXTURE id="null"/>

			<TRANSLATION x="0" y="0.9" z="0"/>

			<DESCENDANTS>
				<NODEREF id="pad1"/>
				<NODEREF id="pad2"/>
			</DESCENDANTS>
		</NODE>

		<NODE id="lower_pad" >
			<MATERIAL id="piramide"/>
			<TEXTURE id="null"/>

			<TRANSLATION x="0" y="-1.3" z="0"/>
			<ROTATION axis="x" angle="180"/>

			<DESCENDANTS>
				<NODEREF id="pad1"/>
				<NODEREF id="pad2"/>
			</DESCENDANTS>
		</NODE>

		<NODE id="left_pad" >
			<MATERIAL id="piramide"/>
			<TEXTURE id="null"/>

			<TRANSLATION x="0" y="0" z="1"/>
			<ROTATION axis="x" angle="90"/>

			<DESCENDANTS>
				<NODEREF id="pad1"/>
				<NODEREF id="pad2"/>
			</DESCENDANTS>
		</NODE>

		<NODE id="right_pad" >
			<MATERIAL id="piramide"/>
			<TEXTURE id="null"/>

			<TRANSLATION x="0" y="0" z="-1"/>
			<ROTATION axis="x" angle="-90"/>

			<DESCENDANTS>
				<NODEREF id="pad1"/>
				<NODEREF id="pad2"/>
			</DESCENDANTS>
		</NODE>

		<NODE id="pad1">
			<MATERIAL id="piramide"/>
			<TEXTURE id="null"/>

			<SCALE sx="1.2" sy="1.1" sz="1"/>

			<DESCENDANTS>
				<LEAF type="patch" orderU="1" orderV="3" partsU="20" partsV="20" >
					<controlpoint x="0" y="0" z="0" w="1" />
					<controlpoint x="0.4" y="0.9" z="0" w="3" />
					<controlpoint x="2" y="1" z="0" w="10" />
					<controlpoint x="2.1" y="0" z="0" w="1" />

					<controlpoint x="0" y="0" z="0" w="1" />
					<controlpoint x="0.3" y="-0.6" z="0" w="1" />
					<controlpoint x="2" y="-0.5" z="0" w="5" />
					<controlpoint x="2.1" y="0" z="0" w="1" />
				</LEAF>
			</DESCENDANTS>
		</NODE>

		<NODE id="pad2">
			<MATERIAL id="piramide"/>
			<TEXTURE id="null"/>

			<SCALE sx="1.2" sy="1.1" sz="1"/>

			<DESCENDANTS>
				<LEAF type="patch" orderU="1" orderV="3" partsU="20" partsV="20" >
					<controlpoint x="2.1" y="0" z="0" w="1" />
					<controlpoint x="2" y="1" z="0" w="10" />
					<controlpoint x="0.4" y="0.9" z="0" w="3" />
					<controlpoint x="0" y="0" z="0" w="1" />

					<controlpoint x="2.1" y="0" z="0" w="1" />
					<controlpoint x="2" y="-0.5" z="0" w="5" />
					<controlpoint x="0.3" y="-0.6" z="0" w="1" />
					<controlpoint x="0" y="0" z="0" w="1" />
				</LEAF>
			</DESCENDANTS>
		</NODE>

		<NODE id="ballon" >
			<MATERIAL id="piramide"/>
			<TEXTURE id="goodyear"/>

			<TRANSLATION x="-3" y="0" z="0"/>
			<ROTATION axis="y" angle="-90"/>
			<SCALE sx="1.2" sy="1.2" sz="1.2"/>

			<DESCENDANTS>
				<LEAF type="patch" orderU="8" orderV="6" partsU="20" partsV="20" >
					<controlpoint x="0" y="0" z="-6" w="2"/>
					<controlpoint x="0" y="-0.5" z="-5" w="0.3"/>
					<controlpoint x="0" y="-3" z="-4" w="0.3"/>
					<controlpoint x="0" y="-3" z="0" w="0.3"/>
					<controlpoint x="0" y="-3" z="4" w="0.3"/>
					<controlpoint x="0" y="-0.5" z="5" w="0.3"/>
					<controlpoint x="0" y="0" z="4.8" w="0.5"/>

					<controlpoint x="0" y="0" z="-6" w="2"/>
					<controlpoint x="0.353" y="-0.353" z="-5" w="1"/>
					<controlpoint x="2.12" y="-2.12" z="-4" w="1"/>
					<controlpoint x="2.12" y="-2.12" z="0" w="1"/>
					<controlpoint x="2.12" y="-2.12" z="4" w="1"/>
					<controlpoint x="0.353" y="-0.353" z="5" w="1"/>
					<controlpoint x="0" y="0" z="4.8" w="0.5"/>

					<controlpoint x="0" y="0" z="-6" w="2"/>
					<controlpoint x="0.5" y="0" z="-5" w="1"/>
					<controlpoint x="3" y="0" z="-4" w="1"/>
					<controlpoint x="3" y="0" z="0" w="1"/>
					<controlpoint x="3" y="0" z="4" w="1"/>
					<controlpoint x="0.5" y="0" z="5" w="1"/>
					<controlpoint x="0" y="0" z="4.8" w="0.5"/>

					<controlpoint x="0" y="0" z="-6" w="2"/>
					<controlpoint x="0.353" y="0.353" z="-5" w="1"/>
					<controlpoint x="2.12" y="2.12" z="-4" w="1"/>
					<controlpoint x="2.12" y="2.12" z="0" w="1"/>
					<controlpoint x="2.12" y="2.12" z="4" w="1"/>
					<controlpoint x="0.353" y="0.353" z="5" w="1"/>
					<controlpoint x="0" y="0" z="4.8" w="0.5"/>

					<controlpoint x="0" y="0" z="-6" w="2"/>
					<controlpoint x="0" y="0.5" z="-5" w="1"/>
					<controlpoint x="0" y="3" z="-4" w="1"/>
					<controlpoint x="0" y="3" z="0" w="1"/>
					<controlpoint x="0" y="3" z="4" w="1"/>
					<controlpoint x="0" y="0.5" z="5" w="1"/>
					<controlpoint x="0" y="0" z="4.8" w="0.5"/>

					<controlpoint x="0" y="0" z="-6" w="2"/>
					<controlpoint x="-0.353" y="0.353" z="-5" w="1"/>
					<controlpoint x="-2.12" y="2.12" z="-4" w="1"/>
					<controlpoint x="-2.12" y="2.12" z="0" w="1"/>
					<controlpoint x="-2.12" y="2.12" z="4" w="1"/>
					<controlpoint x="-0.353" y="0.353" z="5" w="1"/>
					<controlpoint x="0" y="0" z="4.8" w="0.5"/>

					<controlpoint x="0" y="0" z="-6" w="2"/>
					<controlpoint x="-0.5" y="0" z="-5" w="1"/>
					<controlpoint x="-3" y="0" z="-4" w="1"/>
					<controlpoint x="-3" y="0" z="0" w="1"/>
					<controlpoint x="-3" y="0" z="4" w="1"/>
					<controlpoint x="-0.5" y="0" z="5" w="1"/>
					<controlpoint x="0" y="0" z="4.8" w="0.5"/>

					<controlpoint x="0" y="0" z="-6" w="2"/>
					<controlpoint x="-0.353" y="-0.353" z="-5" w="1"/>
					<controlpoint x="-2.12" y="-2.12" z="-4" w="1"/>
					<controlpoint x="-2.12" y="-2.12" z="0" w="1"/>
					<controlpoint x="-2.12" y="-2.12" z="4" w="1"/>
					<controlpoint x="-0.353" y="-0.353" z="5" w="1"/>
					<controlpoint x="0" y="0" z="4.8" w="0.5"/>

					<controlpoint x="0" y="0" z="-6" w="2"/>
					<controlpoint x="0" y="-0.5" z="-5" w="0.3"/>
					<controlpoint x="0" y="-3" z="-4" w="0.3"/>
					<controlpoint x="0" y="-3" z="0" w="0.3"/>
					<controlpoint x="0" y="-3" z="4" w="0.3"/>
					<controlpoint x="0" y="-0.5" z="5" w="0.3"/>
					<controlpoint x="0" y="0" z="4.8" w="0.5"/>
				</LEAF>
			</DESCENDANTS>
		</NODE>

		<NODE id="helicopter" >
			<MATERIAL id="piramide"/>
			<TEXTURE id="hel_metal"/>

			<DESCENDANTS>
				<NODEREF id="chopper_tail"/>
				<NODEREF id="chopper_body"/>
				<NODEREF id="chopper_front"/>
				<NODEREF id="chopper_top"/>
				<NODEREF id="chopper_floor"/>
			</DESCENDANTS>

		</NODE>

		<NODE id="chopper_tail">
			<MATERIAL id="piramide"/>
			<TEXTURE id="null"/>

			<DESCENDANTS>
				<LEAF id="tail" type="patch" orderU="6" orderV="6" partsU="20" partsV="20" >
					<controlpoint x="-0.0" y="-0.0" z="-5.1" w="1" />
					<controlpoint x="-0.0" y="0" z="-5.1" w="0.10" />
					<controlpoint x="-0.0" y="0.0" z="-5.1" w="5" />
					<controlpoint x="0" y="0.0" z="-5.1" w="0.50" />
					<controlpoint x="0.0" y="0.0" z="-5.1" w="5" />
					<controlpoint x="0.0" y="0" z="-5.1" w="0.10" />
					<controlpoint x="0.0" y="-0.0" z="-5.1" w="1" />

					<controlpoint x="-0.28" y="-0.28" z="-5.0" w="1" />
					<controlpoint x="-0.28" y="0" z="-5.0" w="0.10" />
					<controlpoint x="-0.42" y="0.42" z="-5.0" w="5" />
					<controlpoint x="0" y="0.60" z="-5.0" w="0.50" />
					<controlpoint x="0.42" y="0.42" z="-5.0" w="5" />
					<controlpoint x="0.28" y="0" z="-5.0" w="0.10" />
					<controlpoint x="0.28" y="-0.28" z="-5.0" w="1" />

					<controlpoint x="-0.42" y="-0.42" z="-4.0" w="1" />
					<controlpoint x="-0.42" y="0" z="-4.0" w="0.10" />
					<controlpoint x="-0.64" y="0.64" z="-4.0" w="5" />
					<controlpoint x="0" y="0.90" z="-4.0" w="0.50" />
					<controlpoint x="0.64" y="0.64" z="-4.0" w="5" />
					<controlpoint x="0.42" y="0" z="-4.0" w="0.10" />
					<controlpoint x="0.42" y="-0.42" z="-4.0" w="1" />

					<controlpoint x="-0.57" y="-0.57" z="-3.0" w="1" />
					<controlpoint x="-0.57" y="0" z="-3.0" w="0.10" />
					<controlpoint x="-0.85" y="0.85" z="-3.0" w="5" />
					<controlpoint x="0" y="1.2" z="-3.0" w="0.50" />
					<controlpoint x="0.85" y="0.85" z="-3.0" w="5" />
					<controlpoint x="0.57" y="0" z="-3.0" w="0.10" />
					<controlpoint x="0.57" y="-0.57" z="-3.0" w="1" />

					<controlpoint x="-0.71" y="-0.71" z="-2.0" w="1" />
					<controlpoint x="-0.71" y="0" z="-2.0" w="0.10" />
					<controlpoint x="-1.1" y="1.1" z="-2.0" w="5" />
					<controlpoint x="0" y="1.5" z="-2.0" w="0.50" />
					<controlpoint x="1.1" y="1.1" z="-2.0" w="5" />
					<controlpoint x="0.71" y="0" z="-2.0" w="0.10" />
					<controlpoint x="0.71" y="-0.71" z="-2.0" w="1" />

					<controlpoint x="-0.85" y="-0.85" z="-1.0" w="1" />
					<controlpoint x="-0.85" y="0" z="-1.0" w="0.10" />
					<controlpoint x="-1.3" y="1.3" z="-1.0" w="5" />
					<controlpoint x="0" y="1.8" z="-1.0" w="0.50" />
					<controlpoint x="1.3" y="1.3" z="-1.0" w="5" />
					<controlpoint x="0.85" y="0" z="-1.0" w="0.10" />
					<controlpoint x="0.85" y="-0.85" z="-1.0" w="1" />

					<controlpoint x="-0.99" y="-0.99" z="0.0" w="1" />
					<controlpoint x="-0.99" y="0" z="0.0" w="0.10" />
					<controlpoint x="-1.5" y="1.5" z="0.0" w="5" />
					<controlpoint x="0" y="2.1" z="0.0" w="0.50" />
					<controlpoint x="1.5" y="1.5" z="0.0" w="5" />
					<controlpoint x="0.99" y="0" z="0.0" w="0.10" />
					<controlpoint x="0.99" y="-0.99" z="0.0" w="1" />
				</LEAF>
			</DESCENDANTS>
		</NODE>

		<NODE id="chopper_body">
			<MATERIAL id="piramide"/>
			<TEXTURE id="null"/>

			<DESCENDANTS>
				<LEAF id="junction" type="patch" orderU="5" orderV="6" partsU="20" partsV="20">
					<controlpoint x="-0.99" y="-0.99" z="0.0" w="1" />
					<controlpoint x="-0.99" y="0" z="0.0" w="0.10" />
					<controlpoint x="-1.5" y="1.5" z="0.0" w="5" />
					<controlpoint x="0" y="2.1" z="0.0" w="0.50" />
					<controlpoint x="1.5" y="1.5" z="0.0" w="5" />
					<controlpoint x="0.99" y="0" z="0.0" w="0.10" />
					<controlpoint x="0.99" y="-0.99" z="0.0" w="1" />

					<controlpoint x="-1.2" y="-1.0" z="0.55" w="1" />
					<controlpoint x="-1.1" y="0" z="0.55" w="0.10" />
					<controlpoint x="-1.7" y="1.7" z="0.55" w="5" />
					<controlpoint x="0" y="2.4" z="0.55" w="0.50" />
					<controlpoint x="1.7" y="1.7" z="0.55" w="5" />
					<controlpoint x="1.1" y="0" z="0.55" w="0.10" />
					<controlpoint x="1.2" y="-1.0" z="0.55" w="1" />

					<controlpoint x="-1.5" y="-1.1" z="0.60" w="1" />
					<controlpoint x="-1.3" y="0" z="0.60" w="0.10" />
					<controlpoint x="-2.0" y="2.0" z="0.60" w="5" />
					<controlpoint x="0" y="2.8" z="0.60" w="0.50" />
					<controlpoint x="2.0" y="2.0" z="0.60" w="5" />
					<controlpoint x="1.3" y="0" z="0.60" w="0.10" />
					<controlpoint x="1.5" y="-1.1" z="0.60" w="1" />

					<controlpoint x="-1.7" y="-1.1" z="0.90" w="1" />
					<controlpoint x="-1.5" y="0" z="0.90" w="0.10" />
					<controlpoint x="-2.3" y="2.3" z="0.90" w="5" />
					<controlpoint x="0" y="3.2" z="0.90" w="0.50" />
					<controlpoint x="2.3" y="2.3" z="0.90" w="5" />
					<controlpoint x="1.5" y="0" z="0.90" w="0.10" />
					<controlpoint x="1.7" y="-1.1" z="0.90" w="1" />

					<controlpoint x="-1.9" y="-1.2" z="1.2" w="1" />
					<controlpoint x="-1.7" y="0" z="1.2" w="0.10" />
					<controlpoint x="-2.6" y="2.6" z="1.2" w="5" />
					<controlpoint x="0" y="3.7" z="1.2" w="0.50" />
					<controlpoint x="2.6" y="2.6" z="1.2" w="5" />
					<controlpoint x="1.7" y="0" z="1.2" w="0.10" />
					<controlpoint x="1.9" y="-1.2" z="1.2" w="1" />

					<controlpoint x="-2.2" y="-1.2" z="1.5" w="1" />
					<controlpoint x="-1.7" y="0" z="1.5" w="0.10" />
					<controlpoint x="-2.5" y="2.5" z="1.5" w="5" />
					<controlpoint x="0" y="3.6" z="1.5" w="0.50" />
					<controlpoint x="2.5" y="2.5" z="1.5" w="5" />
					<controlpoint x="1.7" y="0" z="1.5" w="0.10" />
					<controlpoint x="2.2" y="-1.2" z="1.5" w="1" />
				</LEAF>
				<LEAF id="body" type="patch" orderU="3" orderV="6" partsU="20" partsV="20">
					<controlpoint x="-2.2" y="-1.2" z="1.5" w="1" />
					<controlpoint x="-1.7" y="0" z="1.5" w="0.10" />
					<controlpoint x="-2.5" y="2.5" z="1.5" w="5" />
					<controlpoint x="0" y="3.6" z="1.5" w="0.50" />
					<controlpoint x="2.5" y="2.5" z="1.5" w="5" />
					<controlpoint x="1.7" y="0" z="1.5" w="0.10" />
					<controlpoint x="2.2" y="-1.2" z="1.5" w="1" />

					<controlpoint x="-2.2" y="-1.2" z="3.0" w="1" />
					<controlpoint x="-1.7" y="0" z="3.0" w="0.10" />
					<controlpoint x="-2.5" y="2.5" z="3.0" w="5" />
					<controlpoint x="0" y="3.6" z="3.0" w="0.50" />
					<controlpoint x="2.5" y="2.5" z="3.0" w="5" />
					<controlpoint x="1.7" y="0" z="3.0" w="0.10" />
					<controlpoint x="2.2" y="-1.2" z="3.0" w="1" />

					<controlpoint x="-2.2" y="-1.2" z="4.5" w="1" />
					<controlpoint x="-1.7" y="0" z="4.5" w="0.10" />
					<controlpoint x="-2.5" y="2.5" z="4.5" w="5" />
					<controlpoint x="0" y="3.6" z="4.5" w="0.50" />
					<controlpoint x="2.5" y="2.5" z="4.5" w="5" />
					<controlpoint x="1.7" y="0" z="4.5" w="0.10" />
					<controlpoint x="2.2" y="-1.2" z="4.5" w="1" />

					<controlpoint x="-2.2" y="-1.2" z="6.0" w="1" />
					<controlpoint x="-1.7" y="0" z="6.0" w="0.10" />
					<controlpoint x="-2.5" y="2.5" z="6.0" w="5" />
					<controlpoint x="0" y="3.6" z="6.0" w="0.50" />
					<controlpoint x="2.5" y="2.5" z="6.0" w="5" />
					<controlpoint x="1.7" y="0" z="6.0" w="0.10" />
					<controlpoint x="2.2" y="-1.2" z="6.0" w="1" />
				</LEAF>
			</DESCENDANTS>
		</NODE>

		<NODE id="chopper_front">
			<MATERIAL id="piramide"/>
			<TEXTURE id="null"/>

			<DESCENDANTS>
				<NODEREF id="chopper_nose"/>
				<NODEREF id="chopper_window"/>
			</DESCENDANTS>

		</NODE>

		<NODE id="chopper_nose">
			<MATERIAL id="piramide"/>
			<TEXTURE id="null"/>

			<DESCENDANTS>
				<LEAF id="nose" type="patch" orderU="4" orderV="6" partsU="20" partsV="20">
					<controlpoint x="-1.8" y="-1.2" z="8.6" w="1" />
					<controlpoint x="-1.8" y="0" z="8.6" w="0.10" />
					<controlpoint x="-1.9" y="0.61" z="8.6" w="5" />
					<controlpoint x="0" y="0.86" z="8.6" w="0.50" />
					<controlpoint x="1.9" y="0.61" z="8.6" w="5" />
					<controlpoint x="1.8" y="0" z="8.6" w="0.10" />
					<controlpoint x="1.8" y="-1.2" z="8.6" w="1" />

					<controlpoint x="-1.3" y="-1.2" z="9.0" w="1" />
					<controlpoint x="-1.9" y="-1.6" z="9.0" w="0.10" />
					<controlpoint x="-1.3" y="0.40" z="9.0" w="5" />
					<controlpoint x="0" y="0.38" z="9.0" w="0.50" />
					<controlpoint x="1.3" y="0.40" z="9.0" w="5" />
					<controlpoint x="1.9" y="-1.6" z="9.0" w="0.10" />
					<controlpoint x="1.3" y="-1.2" z="9.0" w="1" />

					<controlpoint x="-1.0" y="-1.15" z="9.4" w="1" />
					<controlpoint x="-1.5" y="-1.5" z="9.4" w="0.10" />
					<controlpoint x="-1.1" y="0.17" z="9.4" w="5" />
					<controlpoint x="0" y="0.16" z="9.4" w="0.50" />
					<controlpoint x="1.1" y="0.17" z="9.4" w="5" />
					<controlpoint x="1.5" y="-1.5" z="9.4" w="0.10" />
					<controlpoint x="1.0" y="-1.15" z="9.4" w="1" />

					<controlpoint x="-0.37" y="-0.95" z="9.8" w="1" />
					<controlpoint x="-0.56" y="-1.3" z="9.8" w="0.10" />
					<controlpoint x="-0.40" y="-0.091" z="9.8" w="5" />
					<controlpoint x="0" y="-0.086" z="9.8" w="0.50" />
					<controlpoint x="0.40" y="-0.091" z="9.8" w="5" />
					<controlpoint x="0.56" y="-1.3" z="9.8" w="0.10" />
					<controlpoint x="0.37" y="-0.95" z="9.8" w="1" />

					<controlpoint x="-0.35" y="-0.7" z="9.85" w="1" />
					<controlpoint x="-0.5" y="-0.7" z="9.85" w="1" />
					<controlpoint x="-0.3" y="-0.7" z="9.85" w="5" />
					<controlpoint x="0" y="-0.7" z="9.85" w="0.50" />
					<controlpoint x="0.3" y="-0.7" z="9.85" w="5" />
					<controlpoint x="0.5" y="-0.7" z="9.85" w="1" />
					<controlpoint x="0.35" y="-0.7" z="9.85" w="1" />
				</LEAF>
			</DESCENDANTS>
		</NODE>

		<NODE id="chopper_window">
			<MATERIAL id="piramide"/>
			<TEXTURE id="hel_metal"/>

			<DESCENDANTS>
				<LEAF id="window" type="patch" orderU="6" orderV="6" partsU="20" partsV="20">
					<controlpoint x="-2.2" y="-1.2" z="6.0" w="1" />
					<controlpoint x="-1.7" y="0" z="6.0" w="0.10" />
					<controlpoint x="-2.5" y="2.5" z="6.0" w="5" />
					<controlpoint x="0" y="3.6" z="6.0" w="0.50" />
					<controlpoint x="2.5" y="2.5" z="6.0" w="5" />
					<controlpoint x="1.7" y="0" z="6.0" w="0.10" />
					<controlpoint x="2.2" y="-1.2" z="6.0" w="1" />

					<controlpoint x="-2.2" y="-1.2" z="6.3" w="1" />
					<controlpoint x="-1.7" y="0" z="6.3" w="0.10" />
					<controlpoint x="-2.5" y="2.5" z="6.3" w="5" />
					<controlpoint x="0" y="3.6" z="6.3" w="0.50" />
					<controlpoint x="2.5" y="2.5" z="6.3" w="5" />
					<controlpoint x="1.7" y="0" z="6.3" w="0.10" />
					<controlpoint x="2.2" y="-1.2" z="6.3" w="1" />

					<controlpoint x="-2.2" y="-1.2" z="6.6" w="1" />
					<controlpoint x="-2.2" y="0" z="6.6" w="0.10" />
					<controlpoint x="-2.3" y="2.5" z="6.6" w="5" />
					<controlpoint x="0" y="3.6" z="6.6" w="0.50" />
					<controlpoint x="2.3" y="2.5" z="6.6" w="5" />
					<controlpoint x="2.2" y="0" z="6.6" w="0.10" />
					<controlpoint x="2.2" y="-1.2" z="6.6" w="1" />

					<controlpoint x="-2.1" y="-1.2" z="7.1" w="1" />
					<controlpoint x="-2.1" y="0" z="7.1" w="0.10" />
					<controlpoint x="-2.2" y="1.8" z="7.1" w="5" />
					<controlpoint x="0" y="2.5" z="7.1" w="0.50" />
					<controlpoint x="2.2" y="1.8" z="7.1" w="5" />
					<controlpoint x="2.1" y="0" z="7.1" w="0.10" />
					<controlpoint x="2.1" y="-1.2" z="7.1" w="1" />

					<controlpoint x="-1.9" y="-1.2" z="7.6" w="1" />
					<controlpoint x="-1.9" y="0" z="7.6" w="0.10" />
					<controlpoint x="-2.1" y="1.2" z="7.6" w="5" />
					<controlpoint x="0" y="1.8" z="7.6" w="0.50" />
					<controlpoint x="2.1" y="1.2" z="7.6" w="5" />
					<controlpoint x="1.9" y="0" z="7.6" w="0.10" />
					<controlpoint x="1.9" y="-1.2" z="7.6" w="1" />

					<controlpoint x="-1.9" y="-1.2" z="8.1" w="1" />
					<controlpoint x="-1.9" y="0" z="8.1" w="0.10" />
					<controlpoint x="-2.0" y="0.87" z="8.1" w="5" />
					<controlpoint x="0" y="1.2" z="8.1" w="0.50" />
					<controlpoint x="2.0" y="0.87" z="8.1" w="5" />
					<controlpoint x="1.9" y="0" z="8.1" w="0.10" />
					<controlpoint x="1.9" y="-1.2" z="8.1" w="1" />

					<controlpoint x="-1.8" y="-1.2" z="8.6" w="1" />
					<controlpoint x="-1.8" y="0" z="8.6" w="0.10" />
					<controlpoint x="-1.9" y="0.61" z="8.6" w="5" />
					<controlpoint x="0" y="0.86" z="8.6" w="0.50" />
					<controlpoint x="1.9" y="0.61" z="8.6" w="5" />
					<controlpoint x="1.8" y="0" z="8.6" w="0.10" />
					<controlpoint x="1.8" y="-1.2" z="8.6" w="1" />
				</LEAF>
			</DESCENDANTS>
		</NODE>

		<NODE id="chopper_top" >
			<MATERIAL id="piramide"/>
			<TEXTURE id="null"/>

			<TRANSLATION x="0" y="3.5" z="4"/>

			<DESCENDANTS>
				<NODEREF id="helices_base"/>
				<NODEREF id="helices"/>
			</DESCENDANTS>
		</NODE>

		<NODE id="chopper_floor">
			<MATERIAL id="piramide"/>
			<TEXTURE id="red_plastic"/>

			<DESCENDANTS>
				<LEAF id="window_floor" type="patch" orderU="6" orderV="1" partsU="20" partsV="20">
					<controlpoint x="2.2" y="-1.2" z="6.0" w="1" />
					<controlpoint x="-2.2" y="-1.2" z="6.0" w="1" />

					<controlpoint x="2.2" y="-1.2" z="6.3" w="1" />
					<controlpoint x="-2.2" y="-1.2" z="6.3" w="1" />

					<controlpoint x="2.2" y="-1.2" z="6.6" w="1" />
					<controlpoint x="-2.2" y="-1.2" z="6.6" w="1" />

					<controlpoint x="2.1" y="-1.2" z="7.1" w="1" />
					<controlpoint x="-2.1" y="-1.2" z="7.1" w="1" />

					<controlpoint x="1.9" y="-1.2" z="7.6" w="1" />
					<controlpoint x="-1.9" y="-1.2" z="7.6" w="1" />

					<controlpoint x="1.9" y="-1.2" z="8.1" w="1" />
					<controlpoint x="-1.9" y="-1.2" z="8.1" w="1" />

					<controlpoint x="1.8" y="-1.2" z="8.6" w="1" />
					<controlpoint x="-1.8" y="-1.2" z="8.6" w="1" />
				</LEAF>
				<LEAF id="nose_floor" type="patch" orderU="4" orderV="1" partsU="20" partsV="20">
					<controlpoint x="1.8" y="-1.2" z="8.6" w="1" />
					<controlpoint x="-1.8" y="-1.2" z="8.6" w="1" />

					<controlpoint x="1.3" y="-1.2" z="9.0" w="1" />
					<controlpoint x="-1.3" y="-1.2" z="9.0" w="1" />

					<controlpoint x="1.0" y="-1.15" z="9.4" w="1" />
					<controlpoint x="-1.0" y="-1.15" z="9.4" w="1" />

					<controlpoint x="0.37" y="-0.95" z="9.8" w="1" />
					<controlpoint x="-0.37" y="-0.95" z="9.8" w="1" />

					<controlpoint x="0.35" y="-0.7" z="9.85" w="1" />
					<controlpoint x="-0.35" y="-0.7" z="9.85" w="1" />
				</LEAF>
				<LEAF id="junction_floor" type="patch" orderU="5" orderV="1" partsU="20" partsV="20">
					<controlpoint x="0.99" y="-0.99" z="0.0" w="1" />
					<controlpoint x="-0.99" y="-0.99" z="0.0" w="1" />

					<controlpoint x="1.2" y="-1.0" z="0.55" w="1" />
					<controlpoint x="-1.2" y="-1.0" z="0.55" w="1" />

					<controlpoint x="1.5" y="-1.1" z="0.60" w="1" />
					<controlpoint x="-1.5" y="-1.1" z="0.60" w="1" />

					<controlpoint x="1.7" y="-1.1" z="0.90" w="1" />
					<controlpoint x="-1.7" y="-1.1" z="0.90" w="1" />

					<controlpoint x="1.9" y="-1.2" z="1.2" w="1" />
					<controlpoint x="-1.9" y="-1.2" z="1.2" w="1" />

					<controlpoint x="2.2" y="-1.2" z="1.5" w="1" />
					<controlpoint x="-2.2" y="-1.2" z="1.5" w="1" />
				</LEAF>
				<LEAF id="body_floor" type="patch" orderU="3" orderV="1" partsU="20" partsV="20">
					<controlpoint x="2.2" y="-1.2" z="1.5" w="1" />
					<controlpoint x="-2.2" y="-1.2" z="1.5" w="1" />

					<controlpoint x="2.2" y="-1.2" z="3.0" w="1" />
					<controlpoint x="-2.2" y="-1.2" z="3.0" w="1" />

					<controlpoint x="2.2" y="-1.2" z="4.5" w="1" />
					<controlpoint x="-2.2" y="-1.2" z="4.5" w="1" />

					<controlpoint x="2.2" y="-1.2" z="6.0" w="1" />
					<controlpoint x="-2.2" y="-1.2" z="6.0" w="1" />
				</LEAF>
				<LEAF id="tail_floor" type="patch" orderU="6" orderV="1" partsU="20" partsV="20" >
					<controlpoint x="0.0" y="-0.0" z="-5.1" w="1" />
					<controlpoint x="-0.0" y="-0.0" z="-5.1" w="1" />

					<controlpoint x="0.28" y="-0.28" z="-5.0" w="1" />
					<controlpoint x="-0.28" y="-0.28" z="-5.0" w="1" />

					<controlpoint x="0.42" y="-0.42" z="-4.0" w="1" />
					<controlpoint x="-0.42" y="-0.42" z="-4.0" w="1" />

					<controlpoint x="0.57" y="-0.57" z="-3.0" w="1" />
					<controlpoint x="-0.57" y="-0.57" z="-3.0" w="1" />

					<controlpoint x="0.71" y="-0.71" z="-2.0" w="1" />
					<controlpoint x="-0.71" y="-0.71" z="-2.0" w="1" />

					<controlpoint x="0.85" y="-0.85" z="-1.0" w="1" />
					<controlpoint x="-0.85" y="-0.85" z="-1.0" w="1" />

					<controlpoint x="0.99" y="-0.99" z="0.0" w="1" />
					<controlpoint x="-0.99" y="-0.99" z="0.0" w="1" />
				</LEAF>
			</DESCENDANTS>
		</NODE>

		<NODE id="helices_base">
			<MATERIAL id="null"/>
			<TEXTURE id="black_metal"/>


			<TRANSLATION x="0" y ="-1" z="0"/>
			<ROTATION axis="x" angle="-90"/>

			<DESCENDANTS>
				<LEAF type="cylinder" args="1.2 0.5 0 3 20"/>
			</DESCENDANTS>
		</NODE>

		<NODE id="helices" >
			<MATERIAL id="piramide"/>
			<TEXTURE id="grey_metal"/>

			<ROTATION axis="x" angle="90" />

			<DESCENDANTS>
				<NODEREF id="hel1"/>
				<NODEREF id="hel2"/>
				<NODEREF id="hel3"/>
				<NODEREF id="hel4"/>
			</DESCENDANTS>
		</NODE>

		<NODE id="hel1">
			<MATERIAL id="piramide"/>
			<TEXTURE id="null"/>

			<TRANSLATION x="0" y="-0.25" z="0"/>

			<DESCENDANTS>
				<NODEREF id="hel_top"/>
				<NODEREF id="hel_bottom"/>
			</DESCENDANTS>
		</NODE>

		<NODE id="hel2">
			<MATERIAL id="piramide"/>
			<TEXTURE id="null"/>

			<TRANSLATION x="0.25" y="0" z="0"/>
			<ROTATION axis="z" angle="90"/>

			<DESCENDANTS>
				<NODEREF id="hel_top"/>
				<NODEREF id="hel_bottom"/>
			</DESCENDANTS>
		</NODE>

		<NODE id="hel3">
			<MATERIAL id="piramide"/>
			<TEXTURE id="null"/>

			<TRANSLATION x="-0.25" y="0" z="0"/>
			<ROTATION axis="z" angle="-90"/>

			<DESCENDANTS>
				<NODEREF id="hel_top"/>
				<NODEREF id="hel_bottom"/>
			</DESCENDANTS>
		</NODE>

		<NODE id="hel4">
			<MATERIAL id="piramide"/>
			<TEXTURE id="null"/>

			<TRANSLATION x="0" y="0.25" z="0"/>
			<ROTATION axis="z" angle="180"/>

			<DESCENDANTS>
				<NODEREF id="hel_top"/>
				<NODEREF id="hel_bottom"/>
			</DESCENDANTS>
		</NODE>

		<NODE id="hel_bottom">
			<MATERIAL id="null"/>
			<TEXTURE id="null"/>

			<DESCENDANTS>
				<LEAF type="rectangle" args="6 0 0 0.5"/>
			</DESCENDANTS>
		</NODE>

		<NODE id="hel_top">
			<MATERIAL id="null"/>
			<TEXTURE id="null"/>

			<TRANSLATION x="0" y="0.5" z="0"/>
			<ROTATION axis="x" angle="180"/>

			<DESCENDANTS>
				<LEAF type="rectangle" args="6 0 0 0.5"/>
			</DESCENDANTS>
		</NODE>

		<!-- The floor -->
		<NODE id="floor">
			<MATERIAL id="null" />
			<TEXTURE id="nwfloor" />

			<SCALE sx="40" sy="1" sz="85" />
			<TRANSLATION x="0" y="-33.5" z="0" />
			<ROTATION axis="x" angle="-90" />
			<TRANSLATION x="-2.5" y="-1.5" z="0" />

			<DESCENDANTS>
				<LEAF  type="rectangle" args="0 4 5 0" />
			</DESCENDANTS>

		</NODE>

		<!-- Generic tower -->
		<NODE id="tower">
			<MATERIAL id="piramide" />
			<TEXTURE id="twface" />

			<TRANSLATION x="12.5" y="-11.5" z="2" />
			<SCALE sx="1.5" sy="3" sz="1.5" />
			<ROTATION axis="z" angle="-90" />
			<ROTATION axis="x" angle="90" />

			<DESCENDANTS>

				<NODEREF id="faceCubo1" />
				<NODEREF id="faceCubo2" />
				<NODEREF id="faceCubo3" />
				<NODEREF id="faceCubo4" />
				<NODEREF id="faceCubo5" />
				<NODEREF id="faceCubo6" />
			</DESCENDANTS>

		</NODE>

		<!-- A cube face -->
		<NODE id="faceCubo1">
			<MATERIAL id="null" />
			<TEXTURE id="null" />

			<TRANSLATION x="2.5" y="4" z="7.5" />

			<DESCENDANTS>
				<LEAF  type="rectangle" args="0 4 5 0" />
			</DESCENDANTS>

		</NODE>

		<!-- Another cube face -->
		<NODE id="faceCubo2">
			<MATERIAL id="null" />
			<TEXTURE id="null" />

			<TRANSLATION x="2.5" y="4" z="2.5" />
			<ROTATION axis="y" angle="-90" />

			<DESCENDANTS>
				<LEAF  type="rectangle" args="0 4 5 0" />
			</DESCENDANTS>

		</NODE>

		<!-- Another cube face -->
		<NODE id="faceCubo3">
			<MATERIAL id="null" />
			<TEXTURE id="null" />

			<TRANSLATION x="7.5" y="4" z="7.5" />
			<ROTATION axis="y" angle="90" />

			<DESCENDANTS>
				<LEAF  type="rectangle" args="0 4 5 0" />
			</DESCENDANTS>

		</NODE>

		<!-- Another cube face -->
		<NODE id="faceCubo4">
			<MATERIAL id="null" />
			<TEXTURE id="null" />

			<TRANSLATION x="7.5" y="4" z="2.5" />
			<ROTATION axis="y" angle="180" />

			<DESCENDANTS>
				<LEAF  type="rectangle" args="0 4 5 0" />
			</DESCENDANTS>

		</NODE>

		<!-- Another cube face -->
		<NODE id="faceCubo5">
			<MATERIAL id="null" />
			<TEXTURE id="null" />

			<ROTATION axis="x" angle="-90" />
			<TRANSLATION x="2.5" y="-7.5" z="8" />
			<SCALE sx="1" sy="1.25" sz="1" />

			<DESCENDANTS>
				<LEAF  type="rectangle" args="0 4 5 0" />
			</DESCENDANTS>

		</NODE>

		<!-- Another cube face -->
		<NODE id="faceCubo6">
			<MATERIAL id="null" />
			<TEXTURE id="null" />

			<TRANSLATION x="2.5" y="4" z="2.5" />
			<ROTATION axis="x" angle="90" />
			<SCALE sx="1" sy="1.25" sz="1" />

			<DESCENDANTS>
				<LEAF  type="rectangle" args="0 4 5 0" />
			</DESCENDANTS>

		</NODE>

	</NODES>

</SCENE>
